<?xml version="1.0" encoding="UTF-8"?>
<project-private xmlns="http://www.netbeans.org/ns/project-private/1">
    <editor-bookmarks xmlns="http://www.netbeans.org/ns/editor-bookmarks/2" lastBookmarkId="0"/>
    <open-files xmlns="http://www.netbeans.org/ns/projectui-open-files/2">
        <group>
            <file>file:/G:/documents-export-2016-05-12/finale_UNIT/server_0108/src/server/Server.java</file>
            <file>file:/G:/documents-export-2016-05-12/finale_UNIT/server_0108/src/server/UserHandler.java</file>
        </group>
    </open-files>
</project-private>
