<?xml version="1.0" encoding="UTF-8"?>
<project-private xmlns="http://www.netbeans.org/ns/project-private/1">
    <editor-bookmarks xmlns="http://www.netbeans.org/ns/editor-bookmarks/2" lastBookmarkId="0"/>
    <open-files xmlns="http://www.netbeans.org/ns/projectui-open-files/2">
        <group>
            <file>file:/C:/Users/matti/progetti/Indixis_repo/client_0108/src/server/Ricezione.java</file>
            <file>file:/C:/Users/matti/progetti/Indixis_repo/client_0108/src/server/Login.java</file>
            <file>file:/C:/Users/matti/progetti/Indixis_repo/client_0108/src/server/IndixisGui.java</file>
            <file>file:/C:/Users/matti/progetti/Indixis_repo/client_0108/src/server/Connection.java</file>
            <file>file:/C:/Users/matti/progetti/Indixis_repo/client_0108/src/server/ClientApp.java</file>
        </group>
    </open-files>
</project-private>
